{
    "canvasJson": "{\n    \"components\": [\n        {\n            \"busWidth\": 1,\n            \"driverLayout\": [\n                {\n                    \"side\": 2,\n                    \"t\": 0.800000011920929\n                },\n                {\n                    \"side\": 2,\n                    \"t\": 0.6000000238418579\n                },\n                {\n                    \"side\": 2,\n                    \"t\": 0.4000000059604645\n                },\n                {\n                    \"side\": 2,\n                    \"t\": 0.20000000298023224\n                }\n            ],\n            \"id\": 39,\n            \"pos_x\": -745.0,\n            \"pos_y\": 50.0,\n            \"receiverLayout\": [],\n            \"size_x\": 90.0,\n            \"size_y\": 140.0,\n            \"typeName\": \"NUM_IN\"\n        },\n        {\n            \"busWidth\": 1,\n            \"driverLayout\": [\n                {\n                    \"side\": 2,\n                    \"t\": 0.7741718888282776\n                },\n                {\n                    \"side\": 2,\n                    \"t\": 0.6000000238418579\n                },\n                {\n                    \"side\": 2,\n                    \"t\": 0.4000000059604645\n                },\n                {\n                    \"side\": 2,\n                    \"t\": 0.20000000298023224\n                }\n            ],\n            \"id\": 40,\n            \"pos_x\": -765.0,\n            \"pos_y\": 250.0,\n            \"receiverLayout\": [],\n            \"size_x\": 90.0,\n            \"size_y\": 140.0,\n            \"typeName\": \"NUM_IN\"\n        },\n        {\n            \"busWidth\": 4,\n            \"driverLayout\": [\n                {\n                    \"side\": 2,\n                    \"t\": 0.800000011920929\n                },\n                {\n                    \"side\": 2,\n                    \"t\": 0.6000000238418579\n                },\n                {\n                    \"side\": 2,\n                    \"t\": 0.4000000059604645\n                },\n                {\n                    \"side\": 2,\n                    \"t\": 0.20000000298023224\n                }\n            ],\n            \"id\": 41,\n            \"pos_x\": -585.0,\n            \"pos_y\": 250.0,\n            \"receiverLayout\": [\n                {\n                    \"side\": 0,\n                    \"t\": 0.800000011920929\n                },\n                {\n                    \"side\": 0,\n                    \"t\": 0.6000000238418579\n                },\n                {\n                    \"side\": 0,\n                    \"t\": 0.4000000059604645\n                },\n                {\n                    \"side\": 0,\n                    \"t\": 0.20000000298023224\n                }\n            ],\n            \"size_x\": 90.0,\n            \"size_y\": 140.0,\n            \"typeName\": \"BUS_MERGE\"\n        },\n        {\n            \"busWidth\": 4,\n            \"driverLayout\": [\n                {\n                    \"side\": 2,\n                    \"t\": 0.800000011920929\n                },\n                {\n                    \"side\": 2,\n                    \"t\": 0.6000000238418579\n                },\n                {\n                    \"side\": 2,\n                    \"t\": 0.4000000059604645\n                },\n                {\n                    \"side\": 2,\n                    \"t\": 0.20000000298023224\n                }\n            ],\n            \"id\": 42,\n            \"pos_x\": -585.0,\n            \"pos_y\": 50.0,\n            \"receiverLayout\": [\n                {\n                    \"side\": 0,\n                    \"t\": 0.800000011920929\n                },\n                {\n                    \"side\": 0,\n                    \"t\": 0.6000000238418579\n                },\n                {\n                    \"side\": 0,\n                    \"t\": 0.4000000059604645\n                },\n                {\n                    \"side\": 0,\n                    \"t\": 0.20000000298023224\n                }\n            ],\n            \"size_x\": 90.0,\n            \"size_y\": 140.0,\n            \"typeName\": \"BUS_MERGE\"\n        },\n        {\n            \"busWidth\": 1,\n            \"driverLayout\": [\n                {\n                    \"side\": 3,\n                    \"t\": 0.505342960357666\n                }\n            ],\n            \"id\": 43,\n            \"pos_x\": -400.0,\n            \"pos_y\": -100.0,\n            \"receiverLayout\": [],\n            \"size_x\": 90.0,\n            \"size_y\": 56.0,\n            \"state\": false,\n            \"typeName\": \"SW\"\n        },\n        {\n            \"busWidth\": 1,\n            \"driverLayout\": [],\n            \"id\": 44,\n            \"pos_x\": 0.0,\n            \"pos_y\": 100.0,\n            \"receiverLayout\": [\n                {\n                    \"side\": 0,\n                    \"t\": 0.800000011920929\n                },\n                {\n                    \"side\": 0,\n                    \"t\": 0.6000000238418579\n                },\n                {\n                    \"side\": 0,\n                    \"t\": 0.4000000059604645\n                },\n                {\n                    \"side\": 0,\n                    \"t\": 0.20000000298023224\n                }\n            ],\n            \"size_x\": 90.0,\n            \"size_y\": 140.0,\n            \"typeName\": \"NUM_DISP\"\n        },\n        {\n            \"busWidth\": 4,\n            \"driverLayout\": [\n                {\n                    \"side\": 2,\n                    \"t\": 0.761692464351654\n                },\n                {\n                    \"side\": 2,\n                    \"t\": 0.6000000238418579\n                },\n                {\n                    \"side\": 2,\n                    \"t\": 0.4000000059604645\n                },\n                {\n                    \"side\": 2,\n                    \"t\": 0.209944486618042\n                }\n            ],\n            \"id\": 45,\n            \"pos_x\": -200.0,\n            \"pos_y\": 100.0,\n            \"receiverLayout\": [\n                {\n                    \"side\": 0,\n                    \"t\": 0.5131729245185852\n                },\n                {\n                    \"side\": 0,\n                    \"t\": 0.6000000238418579\n                },\n                {\n                    \"side\": 0,\n                    \"t\": 0.4000000059604645\n                },\n                {\n                    \"side\": 0,\n                    \"t\": 0.20000000298023224\n                }\n            ],\n            \"size_x\": 90.0,\n            \"size_y\": 140.0,\n            \"typeName\": \"BUS_SPLIT\"\n        },\n        {\n            \"busWidth\": 4,\n            \"driverLayout\": [\n                {\n                    \"side\": 2,\n                    \"t\": 0.8\n                },\n                {\n                    \"side\": 2,\n                    \"t\": 0.6\n                },\n                {\n                    \"side\": 2,\n                    \"t\": 0.4\n                },\n                {\n                    \"side\": 2,\n                    \"t\": 0.2\n                }\n            ],\n            \"id\": 46,\n            \"pos_x\": -380.0,\n            \"pos_y\": 100.0,\n            \"receiverLayout\": [\n                {\n                    \"side\": 0,\n                    \"t\": 0.8\n                },\n                {\n                    \"side\": 0,\n                    \"t\": 0.6\n                },\n                {\n                    \"side\": 0,\n                    \"t\": 0.4\n                },\n                {\n                    \"side\": 0,\n                    \"t\": 0.2\n                },\n                {\n                    \"side\": 0,\n                    \"t\": 0.8\n                